"Year","District","Trespass","Theft","Battery","Narcotics","Assualt","Robbery","OtherOffense","Deceptive","CriminalDmg","Burglary","SexOffense","Weapons","Kidnapping","Interference","SexAssualt","VehicleTheft","Prostitution","Arson","PublicPeace","ChildrenOffense","Liquor","Intimidation","Stalking","Gambling","NonCriminal","Obscenity","PublicIndecency","Narcotic","Homicide","CCViolation","Trafficking","Ritualism","Domestic","Total"
2013,"District 8",407,4536,3246,1635,1127,828,1211,774,2685,1672,100,201,27,67,90,955,75,34,262,189,29,6,14,26,1,2,1,0,23,0,0,0,0,20223
2013,"District 10",296,2154,2825,2452,882,588,766,354,1393,675,48,194,14,45,84,518,64,20,306,110,46,11,9,74,0,0,0,0,27,0,0,0,0,13955
2013,"District 12",353,4301,2119,954,785,458,657,623,1452,811,53,85,9,31,47,860,70,13,174,138,41,4,11,20,1,2,0,0,12,0,0,0,0,14084
2013,"District 18",635,6271,1412,289,392,282,413,1351,747,415,46,31,4,29,53,265,71,1,91,27,50,2,6,3,1,1,1,0,5,0,0,0,0,12894
2013,"District 7",566,3057,4213,2055,1259,904,943,486,1765,1009,43,342,20,134,85,627,120,27,238,129,9,6,8,92,0,3,0,0,45,0,0,0,0,18185
2013,"District 25",244,3798,3100,1864,1031,622,1321,633,1864,1193,77,173,12,118,81,984,210,44,151,177,24,8,5,15,0,2,0,0,16,0,0,0,0,17767
2013,"District 6",443,3689,3725,1876,1244,1040,935,833,1735,1069,47,269,12,95,97,693,96,17,153,141,13,8,9,17,0,0,1,1,36,0,2,0,0,18296
2013,"District 5",379,2218,3001,1540,1070,569,846,333,1572,979,39,258,10,58,62,510,175,24,122,107,4,6,10,31,1,1,0,0,32,0,0,0,0,13957
2013,"District 4",353,3224,3532,1536,1325,707,1172,624,2149,1503,53,247,13,69,88,715,60,24,207,209,18,13,4,18,1,1,0,0,33,0,0,0,0,17898
2013,"District 24",314,2201,1594,595,566,298,617,370,1070,476,47,89,2,44,34,231,13,7,64,57,19,3,4,0,0,0,0,0,6,0,0,0,0,8721
2013,"District 16",319,2615,1477,823,535,143,1395,512,1182,721,38,56,12,26,22,510,7,11,79,95,17,7,8,1,0,1,0,0,4,0,0,0,0,10616
2013,"District 3",522,2751,3390,1519,1077,769,1163,451,1743,1268,31,243,15,61,64,498,41,21,134,130,12,6,10,48,1,1,0,0,34,0,0,0,0,16003
2013,"District 20",143,1400,858,229,294,165,363,286,490,291,26,25,5,17,13,207,2,3,35,40,8,0,0,2,0,0,0,0,3,0,0,0,0,4905
2013,"District 17",123,2269,1352,438,411,314,502,327,1124,656,39,36,6,21,30,643,17,14,89,85,24,5,4,2,0,0,0,0,7,0,0,0,0,8538
2013,"District 9",362,3101,2721,1513,908,448,838,544,1733,876,85,184,10,55,51,862,115,29,227,112,46,13,3,8,0,4,1,0,24,0,0,0,0,14873
2013,"District 2",418,2908,2422,1327,916,613,776,540,1136,638,35,112,4,40,59,524,63,6,108,103,7,6,2,30,0,1,0,0,16,0,0,0,0,12810
2013,"District 19",422,5197,1752,675,502,531,566,1065,1441,835,47,37,4,23,53,678,9,4,118,51,29,5,5,2,1,1,3,1,2,0,0,0,0,14059
2013,"District 1",797,5713,1171,355,507,311,476,1511,629,189,40,24,4,15,41,219,36,3,88,34,7,5,7,0,0,1,3,3,2,0,0,0,0,12191
2013,"District 15",268,1804,2956,3762,792,499,772,285,1075,424,29,181,10,87,49,386,46,15,133,89,10,6,6,83,0,1,0,0,26,0,0,0,0,13794
2013,"District 11",344,2607,3846,7251,1129,794,1017,668,1506,661,35,261,14,178,75,679,347,23,179,121,13,8,12,108,0,1,0,0,36,0,0,0,0,21913
2013,"District 22",204,2345,1727,972,710,504,700,509,1141,573,24,148,32,44,50,320,3,6,104,92,7,4,6,14,0,1,0,0,20,0,0,0,0,10260
2013,"District 14",223,3365,1564,477,509,432,537,416,1221,960,32,50,4,24,39,697,12,18,73,81,32,2,10,2,0,0,0,0,13,0,0,0,0,10793
2013,"District 31",0,0,0,0,0,0,0,1,0,0,0,0,0,0,0,0,0,0,0,0,0,0,0,0,0,0,0,0,0,0,0,0,0,1
2013,"District 21",0,0,0,0,0,0,0,0,0,0,0,0,0,0,0,0,0,0,0,0,0,0,0,0,0,0,0,0,0,0,0,0,0,0
2013,"District 13",0,0,0,0,0,0,0,0,0,0,0,0,0,0,0,0,0,0,0,0,0,0,0,0,0,0,0,0,0,0,0,0,0,0
2013,"District 23",0,0,0,0,0,0,0,0,0,0,0,0,0,0,0,0,0,0,0,0,0,0,0,0,0,0,0,0,0,0,0,0,0,0
2012,"District 8",492,4578,3692,1998,1295,953,1303,887,2921,1898,84,265,20,75,102,1244,158,41,310,207,42,14,12,31,0,3,0,0,38,0,0,0,0,22663
2012,"District 10",202,2351,3350,2293,1006,654,814,300,1622,799,60,209,6,37,72,766,44,28,257,120,51,24,13,83,0,0,0,0,34,0,0,0,0,15195
2012,"District 12",398,4791,2333,1082,911,578,742,544,1785,972,60,98,5,33,61,1175,45,13,194,99,45,5,12,25,0,1,0,2,17,0,0,0,0,16026
2012,"District 18",523,6963,1563,384,391,359,427,1425,1001,595,23,31,7,23,51,270,92,2,83,39,45,5,15,7,3,0,2,3,5,0,0,0,0,14337
2012,"District 7",568,3069,4579,2570,1350,946,851,549,1985,1466,55,449,12,110,110,706,311,32,263,127,15,9,9,123,0,0,0,0,40,0,0,0,0,20304
2012,"District 25",310,3785,3415,2185,1221,792,1200,564,2145,1483,62,192,22,122,89,1454,352,54,137,159,40,11,13,31,0,2,0,0,20,0,0,0,0,19860
2012,"District 6",499,3514,3836,2343,1253,1069,987,834,1948,1261,36,354,8,103,102,844,37,19,155,127,9,8,7,19,0,1,2,0,42,0,0,0,0,19417
2012,"District 5",371,2316,3249,1719,1232,614,785,373,1898,1104,54,337,12,82,79,677,190,36,112,99,9,5,2,25,0,0,2,0,33,0,0,0,0,15415
2012,"District 4",376,3570,4025,1596,1572,846,1119,603,2648,1767,46,317,15,56,85,806,81,27,190,136,29,6,8,18,0,0,0,0,40,0,0,0,0,19982
2012,"District 24",276,2252,1762,734,631,375,673,363,1107,610,43,95,9,51,35,342,41,11,74,63,30,5,9,7,0,2,0,0,15,0,0,0,0,9615
2012,"District 16",310,2832,1529,605,540,198,1056,580,1464,871,53,39,14,29,27,649,6,13,58,84,15,3,9,0,1,2,0,0,7,0,0,0,0,10994
2012,"District 3",640,2844,3660,2047,1232,936,995,462,1951,1444,44,284,8,64,66,628,97,23,167,119,11,8,4,52,0,2,0,0,40,0,0,0,0,17828
2012,"District 20",140,1601,902,375,318,149,353,261,663,459,28,35,2,14,23,312,5,2,41,23,12,2,5,6,1,0,0,0,5,0,0,0,0,5737
2012,"District 17",169,2422,1558,519,435,270,555,334,1234,1008,44,68,7,18,42,849,15,14,102,53,33,6,8,1,0,0,1,0,8,0,0,0,0,9773
2012,"District 9",343,3246,3090,1579,1046,587,835,697,2123,1147,73,291,13,70,62,1086,55,27,196,106,51,9,10,13,1,3,2,0,40,0,0,0,0,16801
2012,"District 2",377,3016,2672,1104,982,648,828,466,1453,757,44,134,11,22,61,641,45,6,104,134,8,3,12,41,0,0,3,0,26,0,0,0,0,13598
2012,"District 19",431,5625,1943,998,563,550,592,874,1555,1371,64,60,7,17,57,826,18,13,86,56,28,9,14,4,1,5,2,1,6,0,0,0,0,15776
2012,"District 1",684,6015,1128,388,555,355,463,1308,570,252,36,28,4,21,43,215,33,0,63,34,14,5,19,1,1,1,1,0,1,0,0,0,0,12238
2012,"District 15",254,1905,3074,3607,893,613,735,300,1155,664,41,154,12,86,66,516,14,25,137,104,15,5,3,131,0,1,0,0,26,0,0,0,0,14536
2012,"District 11",293,2829,4111,5597,1183,1038,933,822,1848,947,39,266,21,106,83,1002,530,39,95,107,15,5,7,89,0,2,1,0,38,0,0,0,0,22046
2012,"District 22",251,2343,1846,930,720,490,694,496,1326,767,22,130,7,50,42,533,1,16,83,105,14,4,5,16,0,0,0,0,13,0,0,0,0,10904
2012,"District 14",308,3589,1815,823,569,465,540,410,1451,1202,39,68,14,39,48,951,33,28,100,83,42,5,11,1,0,1,1,0,9,0,0,0,0,12645
2012,"District 31",0,0,0,10,0,0,0,0,1,0,0,0,0,0,0,0,0,0,0,0,0,0,0,0,0,0,0,0,0,0,0,0,0,11
2012,"District 21",0,0,0,0,0,0,0,0,0,0,0,0,0,0,0,0,0,0,0,0,0,0,0,0,0,0,0,0,0,0,0,0,0,0
2012,"District 13",0,0,0,0,0,0,0,0,0,0,0,0,0,0,0,0,0,0,0,0,0,0,0,0,0,0,0,0,0,0,0,0,0,0
2012,"District 23",0,0,0,0,0,0,0,0,0,0,0,0,0,0,0,0,0,0,0,0,0,0,0,0,0,0,0,0,0,0,0,0,0,0
2011,"District 8",459,4763,3882,2587,1394,966,1498,760,3403,2568,100,263,30,65,90,1494,274,48,343,219,46,6,12,34,0,6,0,0,28,0,0,0,0,25338
2011,"District 10",220,2304,3178,2032,919,677,913,267,1535,819,57,183,8,32,72,1070,78,34,303,94,40,14,6,60,0,3,1,0,30,0,0,0,0,14949
2011,"District 12",399,4986,2404,1232,881,571,757,576,1961,1069,63,105,6,23,62,1141,63,15,211,86,53,10,5,22,0,2,0,0,15,0,0,0,0,16718
2011,"District 18",580,6645,1552,504,433,447,502,1528,985,469,45,32,5,29,40,403,127,5,97,27,54,3,11,6,0,0,4,0,3,0,0,0,0,14536
2011,"District 7",649,3180,4623,2567,1508,981,1044,401,2276,1751,53,436,19,80,110,845,236,38,173,137,12,10,4,98,0,1,1,0,60,0,0,0,0,21293
2011,"District 25",354,3666,3518,2485,1178,862,1333,561,2333,2024,72,253,15,107,89,1564,376,38,145,198,42,12,6,28,0,2,1,0,18,0,0,0,0,21280
2011,"District 6",522,3477,3839,2606,1338,1012,1227,711,1833,1664,48,314,22,69,108,1258,159,30,146,153,19,7,11,33,0,2,0,0,36,0,0,0,0,20644
2011,"District 5",395,2277,3329,1808,1256,652,908,379,1676,1342,24,311,14,72,86,989,103,26,109,123,11,7,11,18,0,0,0,0,27,0,0,0,0,15953
2011,"District 4",406,3776,4229,1919,1584,870,1269,586,2427,2097,45,338,21,35,94,1123,63,29,195,198,29,10,12,28,0,1,0,0,19,0,0,0,0,21403
2011,"District 24",261,2463,1774,773,512,425,736,415,1230,725,45,81,4,36,48,450,6,14,88,60,30,6,7,10,0,4,0,0,4,0,0,0,0,10207
2011,"District 16",376,2632,1582,566,595,174,1321,564,1628,1041,50,32,9,20,28,546,4,15,54,92,28,6,6,1,0,0,0,0,3,0,0,0,0,11373
2011,"District 3",633,2817,3725,2071,1199,937,1224,446,1819,1772,53,277,14,51,83,887,23,17,135,127,6,4,2,39,0,3,0,0,36,0,0,0,0,18400
2011,"District 20",172,1502,949,481,287,169,409,249,620,411,29,29,6,11,35,290,5,6,53,17,15,2,5,2,0,0,0,0,5,0,0,0,0,5759
2011,"District 17",198,2372,1592,684,495,348,644,337,1451,1050,46,62,4,19,44,836,13,16,102,70,35,6,7,4,0,3,0,0,8,0,0,0,0,10446
2011,"District 9",368,2965,3272,2078,1087,638,989,575,2399,1344,66,257,23,98,68,1463,182,55,225,161,30,12,10,46,0,3,1,0,31,0,0,0,0,18446
2011,"District 2",455,3221,2860,1568,1043,695,951,407,1662,936,33,159,11,23,69,820,126,10,76,98,7,5,10,42,0,3,0,0,20,0,0,0,0,15310
2011,"District 19",406,5603,1805,913,597,516,700,1003,1504,1175,55,52,5,20,69,755,39,8,147,27,39,10,11,1,0,0,2,2,8,0,0,0,0,15472
2011,"District 1",616,5648,1084,463,509,361,626,1097,587,207,35,22,7,15,25,292,46,5,102,24,16,9,19,4,0,3,3,2,1,0,0,0,0,11828
2011,"District 15",330,1809,2921,4237,876,727,835,327,1251,864,41,186,10,82,74,469,40,19,135,111,9,5,2,126,0,0,0,0,19,0,0,0,0,15505
2011,"District 11",345,2858,4292,5291,1347,1006,923,449,1749,894,40,255,15,99,86,1022,408,40,117,121,35,13,8,107,0,1,0,0,44,0,0,0,0,21565
2011,"District 22",276,2371,1981,1021,703,472,744,457,1410,1123,36,159,13,39,45,591,1,14,73,86,9,6,5,21,0,2,0,0,16,0,0,0,0,11674
2011,"District 14",239,3807,2067,689,670,476,635,427,1593,1274,32,74,5,23,40,1079,52,22,66,89,54,8,11,6,0,1,0,1,6,0,0,0,0,13446
2011,"District 31",0,0,0,31,0,0,0,0,0,0,0,0,0,0,0,0,0,0,0,0,0,0,0,0,0,0,0,0,0,0,0,0,0,31
2011,"District 21",0,0,0,0,0,0,0,0,0,0,0,0,0,0,0,0,0,0,0,0,0,0,0,0,0,0,0,0,0,0,0,0,0,0
2011,"District 13",0,0,0,0,0,0,0,0,0,0,0,0,0,0,0,0,0,0,0,0,0,0,0,0,0,0,0,0,0,0,0,0,0,0
2011,"District 23",0,0,0,0,0,0,0,0,0,0,0,0,0,0,0,0,0,0,0,0,0,0,0,0,0,0,0,0,0,0,0,0,0,0
2010,"District 8",459,4584,4244,2788,1506,1127,1610,763,3603,2481,96,277,34,45,87,1625,326,49,360,244,54,15,13,53,0,4,1,1,36,0,0,0,0,26485
2010,"District 10",257,2267,3448,2408,1084,650,1048,242,1747,889,60,189,5,39,61,969,102,27,323,122,49,12,8,60,0,1,0,0,30,0,0,0,0,16097
2010,"District 12",404,5277,2618,1404,920,537,809,534,2033,899,44,100,10,20,51,1061,79,26,238,75,57,6,7,21,0,4,0,0,15,0,0,0,0,17249
2010,"District 18",742,6879,1795,649,498,444,474,1133,1172,481,44,43,2,30,38,401,158,3,96,14,55,9,7,12,0,0,0,2,2,0,0,0,0,15183
2010,"District 7",549,3158,5091,3141,1486,1047,1064,329,2473,1983,56,375,24,54,91,999,166,43,212,152,9,8,6,77,0,3,0,0,40,0,0,0,0,22636
2010,"District 25",351,4064,4056,2630,1276,954,1500,620,2484,2081,69,244,36,42,73,1633,358,61,194,189,52,9,10,33,0,0,0,0,16,0,0,0,0,23035
2010,"District 6",556,3263,4217,2805,1457,1064,1276,642,1999,1840,61,262,18,54,91,1187,109,22,181,147,13,12,18,53,0,0,0,0,40,0,0,0,0,21387
2010,"District 5",400,2240,3637,1722,1268,705,1008,411,1816,1277,45,269,14,62,74,832,111,29,130,119,8,17,10,36,0,0,0,0,29,0,0,0,0,16269
2010,"District 4",452,3295,4226,1941,1595,816,1305,560,2738,2175,55,233,21,16,92,995,108,26,227,194,18,25,14,28,0,2,1,1,32,0,0,0,0,21191
2010,"District 24",316,2576,1817,1010,678,500,778,385,1464,786,50,78,2,34,38,460,36,19,90,68,27,3,9,11,0,3,0,0,7,0,0,0,0,11245
2010,"District 16",334,2648,1786,678,585,157,1363,648,1839,858,59,57,20,16,30,612,18,21,82,101,31,8,4,2,0,2,0,0,5,0,0,0,0,11964
2010,"District 3",678,2695,4162,2375,1302,844,1472,537,2159,1564,51,277,14,61,85,878,45,22,195,146,13,10,9,52,0,0,0,0,28,0,0,0,0,19674
2010,"District 20",154,1466,1081,511,320,189,415,296,730,407,24,30,1,15,25,266,12,7,90,27,24,3,4,6,1,1,0,0,2,0,0,0,0,6107
2010,"District 17",267,2727,1727,784,492,334,703,383,1523,989,44,60,8,26,51,834,22,21,100,109,47,2,6,2,0,2,0,0,6,0,0,0,0,11269
2010,"District 9",386,3111,3407,2305,1086,579,1092,460,2268,1302,64,255,15,55,73,1370,102,33,241,174,58,8,9,27,0,0,0,0,29,0,0,0,0,18509
2010,"District 2",582,3301,3039,1735,1061,610,1020,408,1643,942,46,146,10,17,47,860,165,18,65,126,17,3,9,56,0,3,0,0,21,0,0,0,0,15950
2010,"District 19",439,5973,1844,929,585,535,688,1049,1843,1129,63,47,5,21,59,639,37,12,153,32,48,10,12,5,0,0,2,1,5,0,0,0,0,16165
2010,"District 1",736,6002,1174,544,538,398,667,1051,640,217,25,27,3,14,20,271,47,2,98,18,24,12,9,5,0,3,3,1,1,0,0,0,0,12550
2010,"District 15",317,1687,3085,4974,933,805,1024,338,1275,780,29,202,10,69,65,531,74,12,148,89,23,3,3,200,0,2,0,0,18,0,0,0,0,16696
2010,"District 11",316,2722,4583,5865,1379,989,1040,632,1811,936,37,292,18,64,89,989,308,27,96,129,25,9,7,154,0,1,0,0,50,0,0,0,0,22568
2010,"District 22",389,2432,2175,1294,795,414,962,501,1463,1102,26,160,33,19,49,567,4,17,123,143,17,8,7,29,0,0,0,0,23,0,0,0,0,12752
2010,"District 14",317,4380,2189,899,691,574,694,506,1930,1304,60,81,10,23,55,1049,98,25,96,100,67,5,8,5,0,2,0,0,3,0,0,0,0,15171
2010,"District 31",0,0,0,2,0,1,0,0,0,0,1,0,0,0,0,0,0,0,0,0,0,0,0,0,0,0,0,0,0,0,0,0,0,4
2010,"District 21",0,0,0,0,0,0,0,0,0,0,0,0,0,0,0,0,0,0,0,0,0,0,0,0,0,0,0,0,0,0,0,0,0,0
2010,"District 13",0,0,0,0,0,0,0,0,0,0,0,0,0,0,0,0,0,0,0,0,0,0,0,0,0,0,0,0,0,0,0,0,0,0
2010,"District 23",0,1,0,0,0,0,0,0,0,0,0,0,0,0,0,0,0,0,0,0,0,0,0,0,0,0,0,0,0,0,0,0,0,1
2014,"District 8",365,3936,2766,1416,1027,588,1250,1026,2399,1417,68,186,20,85,99,841,116,42,264,194,19,7,4,23,4,3,2,0,32,0,0,0,0,18199
2014,"District 10",253,1944,2673,1939,828,540,702,406,1307,608,50,177,5,56,57,468,11,25,227,132,37,8,6,32,3,3,0,0,24,0,0,0,0,12521
2014,"District 12",339,3837,1986,621,736,404,619,735,1405,719,39,55,4,26,50,634,61,15,98,133,23,5,10,4,0,5,0,0,10,1,0,0,0,12574
2014,"District 18",480,5354,1419,258,401,228,391,1287,766,273,39,36,3,28,51,222,82,4,64,33,47,4,7,0,2,0,2,3,5,2,0,0,0,11491
2014,"District 7",386,2305,3688,1892,1225,698,858,610,1469,833,38,377,18,130,90,452,92,47,210,116,5,8,5,40,0,1,0,0,49,1,1,0,0,15644
2014,"District 25",281,2934,2904,1577,1001,534,1230,783,1646,785,55,146,20,109,77,788,220,32,165,211,18,7,4,15,1,3,1,1,23,0,0,0,0,15571
2014,"District 6",419,3263,3499,1449,1145,779,922,920,1621,965,39,276,16,83,72,569,38,22,163,136,8,3,12,21,1,1,0,1,32,0,1,0,0,16476
2014,"District 5",348,2092,2654,1200,1037,482,739,440,1481,752,40,302,13,81,60,359,102,20,152,119,10,19,5,18,3,2,0,0,20,1,0,0,0,12551
2014,"District 4",409,2908,3331,1720,1241,604,1232,688,1836,1038,56,286,12,82,88,562,43,24,227,177,21,6,8,25,0,0,0,0,33,0,0,0,0,16657
2014,"District 24",238,1746,1447,454,487,239,518,472,868,457,27,66,4,36,46,257,29,2,45,69,12,2,5,0,1,0,0,0,10,0,0,0,0,7537
2014,"District 16",369,2147,1412,598,490,117,1192,674,1154,623,38,47,15,18,29,394,21,10,56,87,15,3,8,0,4,4,0,0,8,1,0,0,0,9534
2014,"District 3",448,2171,2916,1192,1025,602,1237,596,1398,898,51,203,11,97,81,388,38,19,161,120,8,6,7,27,0,0,0,0,18,2,0,0,0,13720
2014,"District 20",121,1172,764,296,226,106,308,326,455,214,26,25,4,15,26,155,2,8,30,22,8,1,2,2,0,1,0,0,3,0,0,0,0,4318
2014,"District 17",128,2000,1191,352,381,224,431,416,1013,508,40,45,11,17,36,407,27,13,64,67,23,4,7,4,0,1,0,0,3,0,0,0,0,7413
2014,"District 9",319,2782,2573,1239,858,472,768,609,1688,823,59,160,17,75,56,585,20,38,169,119,23,3,7,9,2,3,0,0,26,0,0,0,0,13502
2014,"District 2",377,2513,2208,867,817,610,704,695,1114,604,31,117,5,28,51,483,16,5,94,109,2,4,5,6,0,2,0,0,16,0,0,0,0,11483
2014,"District 19",422,4366,1521,669,466,386,532,1013,1289,724,60,33,2,18,67,370,10,17,96,56,46,6,2,1,5,1,3,2,6,1,0,0,0,12190
2014,"District 1",697,5373,1262,272,492,272,399,1518,562,168,40,27,1,21,42,210,23,2,107,30,12,4,16,1,2,0,2,1,1,1,0,0,0,11558
2014,"District 15",381,1457,2642,3176,825,512,753,434,1008,373,29,157,11,115,55,445,119,13,169,93,8,5,4,74,0,0,0,0,32,2,0,0,0,12892
2014,"District 11",299,2101,3619,6737,1133,760,1078,650,1319,547,42,233,5,222,94,577,541,27,224,140,15,8,7,85,0,3,0,2,53,3,0,0,0,20524
2014,"District 22",252,1975,1474,711,603,303,652,570,930,495,43,117,19,38,34,336,4,6,75,110,2,3,4,6,0,3,0,0,16,0,0,0,0,8781
2014,"District 14",207,3149,1496,318,452,339,450,477,1069,745,42,43,4,18,47,412,10,8,43,71,33,1,5,0,0,1,0,0,5,0,0,0,0,9445
2014,"District 31",0,10,0,0,0,0,0,0,0,0,0,0,0,0,0,0,0,0,0,0,0,0,0,0,0,0,0,0,0,0,0,0,0,10
2014,"District 21",0,0,0,0,0,0,0,0,0,0,0,0,0,0,0,0,0,0,0,0,0,0,0,0,0,0,0,0,0,0,0,0,0,0
2014,"District 13",0,0,0,0,0,0,1,0,0,0,0,0,0,0,0,0,0,0,0,0,0,0,0,0,0,0,0,0,0,0,0,0,0,1
2014,"District 23",0,0,0,0,0,0,0,0,0,0,0,0,0,0,0,0,0,0,0,0,0,0,0,0,0,0,0,0,0,0,0,0,0,0
2004,"District 8",696,6357,5397,2092,1987,1117,2150,1010,4923,2125,154,274,34,23,94,1908,431,68,211,181,44,16,15,62,0,1,0,0,27,0,0,0,0,31397
2004,"District 10",522,3252,4180,3885,1238,647,1346,264,2098,672,68,219,13,26,64,1044,272,44,177,136,95,17,6,40,0,0,0,0,41,0,0,0,0,20366
2004,"District 12",1161,6900,3855,2208,1318,684,1132,618,2700,1027,79,204,9,22,47,1394,470,34,126,91,65,19,11,28,0,1,2,0,21,0,0,0,0,24226
2004,"District 18",1397,7416,2645,1183,759,492,810,1337,1626,785,55,92,10,30,38,571,682,6,103,61,39,10,4,9,0,0,2,0,8,0,0,0,0,20170
2004,"District 7",592,3358,7406,4544,2306,1004,1580,415,2988,1471,97,416,29,59,143,1239,489,58,115,161,39,27,8,145,0,0,0,0,46,0,0,0,0,28735
2004,"District 25",606,5225,4664,3075,1561,939,1843,556,3232,1718,123,310,40,35,88,1662,736,87,158,158,64,21,13,41,0,1,2,1,29,0,0,0,0,26988
2004,"District 6",902,4629,5307,2506,1784,1234,1775,730,2710,1709,78,216,31,21,116,1537,221,33,83,255,43,38,18,96,0,0,0,0,32,0,0,0,0,26104
2004,"District 5",354,2624,5156,2665,1699,690,1448,311,2455,975,81,216,23,24,92,864,341,34,95,223,19,27,8,51,0,1,0,0,22,0,0,0,0,20498
2004,"District 4",665,4236,5402,2750,1982,993,1921,559,3423,1338,103,321,33,14,99,1516,148,41,108,302,41,25,15,75,0,0,0,1,28,0,0,1,0,26140
2004,"District 24",402,3357,2369,1052,702,654,1078,446,1977,965,56,69,31,13,39,715,157,22,63,111,48,15,6,39,0,1,0,0,9,0,0,0,0,14396
2004,"District 16",562,3472,2013,821,825,237,1412,635,2507,757,71,76,21,16,21,671,75,37,97,75,76,8,9,21,0,0,1,1,4,0,0,0,0,14521
2004,"District 3",1045,3158,5492,3103,1816,961,1807,481,2647,1424,75,187,26,26,107,1125,251,35,94,224,18,15,17,110,0,1,0,0,31,0,0,0,0,24276
2004,"District 20",296,2047,1382,545,451,238,729,334,1073,468,43,32,6,1,24,357,88,7,132,56,34,1,5,14,0,1,0,3,2,0,0,0,0,8369
2004,"District 17",307,3322,1971,770,656,412,950,393,1982,800,83,75,12,16,40,871,121,19,79,76,51,8,8,23,0,0,0,2,10,0,0,0,0,13057
2004,"District 9",561,4499,4396,2392,1508,733,1346,567,3135,1499,106,363,27,22,75,1348,577,58,170,164,42,20,14,50,0,0,1,0,24,0,0,0,0,23697
2004,"District 2",1070,4510,4750,3292,1511,1006,1322,564,2184,1197,80,170,23,30,117,1109,478,18,72,120,13,14,12,64,0,2,0,0,30,0,0,0,0,23758
2004,"District 19",857,6445,2635,1165,880,653,1183,1358,2318,1726,143,84,7,26,65,870,291,20,140,77,59,8,11,7,0,3,0,1,6,0,0,0,0,21038
2004,"District 1",2041,7115,1938,1147,778,312,972,1122,926,336,57,51,5,22,24,499,49,8,103,21,22,13,7,1,0,0,0,0,6,0,0,0,0,17575
2004,"District 15",402,2169,4623,5716,1310,705,1163,209,1666,630,49,296,20,31,75,651,152,38,75,132,30,11,6,78,0,0,0,0,21,0,0,0,0,20258
2004,"District 11",725,3310,5802,9085,1746,1076,1209,346,2390,814,66,329,25,51,84,1025,763,42,103,128,31,13,4,127,0,0,0,0,27,0,0,0,0,29321
2004,"District 22",371,3066,2817,1575,1018,493,1367,475,2002,753,66,162,39,10,58,749,17,33,85,197,26,11,9,25,0,0,0,0,13,0,0,0,0,15437
2004,"District 14",379,4996,2931,1486,1015,698,988,502,2202,1374,69,135,17,13,60,1080,667,36,106,121,86,12,9,16,0,1,1,0,17,0,0,0,0,19017
2004,"District 31",0,0,1,2,0,0,0,0,0,0,0,0,0,0,0,0,0,0,0,0,0,0,0,0,0,0,0,0,0,0,0,0,0,3
2004,"District 21",0,0,2,1,0,0,0,0,0,0,0,0,0,0,0,0,0,0,0,0,0,0,0,0,0,0,0,0,0,0,0,0,0,3
2004,"District 13",0,0,0,0,0,0,0,0,0,0,0,0,0,0,0,0,0,0,0,0,0,0,0,0,0,0,0,0,0,0,0,0,0,0
2004,"District 23",0,0,0,0,0,0,0,0,0,0,0,0,0,0,0,0,0,0,0,0,0,0,0,0,0,0,0,0,0,0,0,0,0,0
2016,"District 8",324,3449,3018,526,1180,769,1134,1091,2498,1474,57,167,16,42,81,1025,22,66,97,190,12,10,13,17,5,8,2,0,59,9,0,0,0,17361
2016,"District 10",226,1819,3044,855,989,630,925,501,1523,492,54,263,3,39,66,565,5,47,132,113,33,7,10,16,2,6,0,0,49,0,0,0,0,12414
2016,"District 12",244,4786,1996,372,820,552,631,941,1777,673,62,81,4,21,74,620,4,24,70,124,17,5,13,6,3,3,0,0,28,1,1,0,0,13953
2016,"District 18",323,6162,1452,143,444,381,387,1824,915,344,34,43,4,19,103,376,13,12,57,29,37,7,6,2,2,1,0,0,5,3,0,0,0,13128
2016,"District 7",351,1787,3472,1006,1273,716,1053,483,1551,824,41,374,13,103,69,516,28,39,113,114,3,4,11,35,0,1,0,0,86,5,2,0,0,14073
2016,"District 25",261,2844,2736,600,1046,578,1146,806,1772,860,56,206,13,52,79,888,80,52,59,157,6,15,5,10,4,4,0,0,38,1,0,0,0,14374
2016,"District 6",408,2899,3598,635,1325,872,1145,812,1958,1011,43,211,24,68,90,585,13,28,83,168,2,0,14,9,0,0,1,0,58,2,0,0,0,16062
2016,"District 5",280,1717,2631,523,1046,460,939,449,1574,664,36,279,10,64,85,436,29,42,70,111,4,3,10,5,0,2,0,0,44,1,1,0,0,11515
2016,"District 4",324,2301,3389,535,1460,623,1212,752,1906,938,40,238,14,71,71,602,6,27,105,182,7,6,10,3,0,2,0,0,41,0,1,0,0,14866
2016,"District 24",219,1774,1366,172,455,317,473,573,895,398,51,69,6,14,55,291,16,7,27,73,11,3,6,0,1,4,1,0,12,0,0,0,0,7289
2016,"District 16",360,2215,1369,309,592,183,739,927,1181,660,37,28,19,13,40,472,0,11,54,67,6,4,6,3,7,3,0,0,4,8,0,0,0,9317
2016,"District 3",295,1897,2889,374,1039,746,1002,547,1507,860,45,168,7,58,65,425,3,12,79,128,0,6,8,8,2,0,0,1,40,1,1,0,0,12213
2016,"District 20",127,1174,756,111,259,133,269,465,453,240,16,40,4,7,52,181,0,1,22,27,3,1,2,1,2,2,0,0,3,1,0,0,0,4352
2016,"District 17",134,2014,1272,155,458,344,464,594,1031,507,43,51,5,13,41,463,1,11,22,68,4,7,3,1,2,1,0,0,11,0,0,0,0,7720
2016,"District 9",239,2248,2558,618,1026,677,812,631,1658,780,60,203,7,51,57,562,34,35,61,111,16,13,11,4,6,4,0,1,66,0,0,0,0,12549
2016,"District 2",268,2740,2126,286,861,658,730,733,1372,584,44,118,7,25,69,470,1,6,52,84,5,7,7,4,4,2,0,0,31,0,1,0,0,11295
2016,"District 19",375,4250,1625,192,502,488,487,1496,1208,755,41,45,6,18,73,421,2,5,70,42,25,6,7,1,5,5,0,2,8,0,0,0,0,12160
2016,"District 1",529,6545,1375,141,618,458,538,1873,761,215,44,32,7,17,65,230,6,4,76,32,8,10,13,0,5,3,3,0,9,0,1,0,0,13618
2016,"District 15",216,1421,2729,1336,867,596,825,432,1234,324,33,236,3,65,60,512,25,31,87,107,3,1,2,31,0,0,1,0,60,1,1,0,0,11239
2016,"District 11",322,2036,3906,3510,1330,1008,1041,520,1776,487,42,405,9,129,101,776,511,27,176,119,11,8,10,32,2,2,2,0,94,2,2,0,0,18396
2016,"District 22",219,1614,1583,284,600,294,756,630,1190,543,18,121,13,30,20,355,0,14,53,138,3,5,1,1,0,0,0,0,25,1,0,0,0,8511
2016,"District 14",262,3680,1371,128,531,473,413,653,1260,641,31,56,7,14,48,559,0,19,38,57,10,2,2,0,2,1,0,0,10,0,0,0,0,10268
2016,"District 31",0,2,0,0,1,0,0,0,0,0,0,0,0,0,0,0,0,0,0,0,0,0,0,0,0,0,0,0,0,0,0,0,0,3
2016,"District 21",0,0,0,0,0,0,0,0,0,0,0,0,0,0,0,0,0,0,0,0,0,0,0,0,0,0,0,0,0,0,0,0,0,0
2016,"District 13",0,0,0,0,0,0,0,0,0,0,0,0,0,0,0,0,0,0,0,0,0,0,0,0,0,0,0,0,0,0,0,0,0,0
2016,"District 23",0,0,0,0,0,0,0,0,0,0,0,0,0,0,0,0,0,0,0,0,0,0,0,0,0,0,0,0,0,0,0,0,0,0
2009,"District 8",563,5488,4450,2384,1592,1280,1843,873,4804,2469,110,300,22,30,94,1210,392,67,292,197,53,10,14,47,0,1,0,0,32,0,0,0,0,28617
2009,"District 10",268,2326,3383,2290,1152,649,1251,297,1870,830,51,201,16,26,57,623,79,36,236,118,48,16,8,42,1,1,0,0,30,0,0,0,0,15905
2009,"District 12",493,5259,2771,1378,1003,598,1048,629,2329,983,70,122,15,22,49,835,138,21,184,77,41,10,7,30,0,1,0,1,20,0,0,0,0,18134
2009,"District 18",894,6969,1983,756,472,403,568,1270,1363,451,35,42,7,31,36,357,260,6,71,23,48,6,5,10,0,2,1,0,2,0,0,0,0,16071
2009,"District 7",546,3265,5185,2910,1594,1190,1215,384,2807,1836,54,413,15,32,117,934,391,48,160,146,15,12,7,58,0,1,1,0,44,0,0,0,0,23380
2009,"District 25",378,4724,4282,2394,1456,1087,1857,722,3072,1827,69,256,29,46,72,1532,539,71,221,192,64,8,3,44,0,0,0,1,19,0,0,0,0,24965
2009,"District 6",579,3534,4382,2856,1519,1438,1516,746,2614,1955,54,332,18,39,94,930,224,33,168,170,21,11,12,60,0,0,1,0,35,0,0,0,0,23341
2009,"District 5",463,2571,3918,1848,1377,693,1219,358,2323,1507,52,289,20,39,81,732,118,31,110,149,10,11,10,47,0,0,0,0,21,0,0,0,0,17997
2009,"District 4",483,3354,4292,2839,1687,961,1618,637,3018,2000,55,304,15,29,97,868,201,41,183,224,23,22,17,30,0,0,1,0,41,0,0,0,0,23040
2009,"District 24",425,2546,1991,1097,651,534,901,495,1536,786,52,74,11,22,49,374,41,13,92,78,32,6,11,23,0,1,1,1,4,0,0,0,0,11847
2009,"District 16",332,3201,1909,746,606,242,1648,715,2338,882,43,60,14,4,30,506,12,16,80,111,33,10,7,3,0,0,0,1,2,0,0,0,0,13551
2009,"District 3",794,2821,4247,2228,1341,1124,1496,542,2354,1792,49,298,11,43,96,725,86,18,173,173,24,20,5,59,0,0,0,0,26,0,0,0,0,20545
2009,"District 20",190,1675,1076,412,322,171,469,356,804,373,23,26,0,3,20,246,6,5,64,27,16,4,2,4,0,0,0,0,1,0,0,0,0,6295
2009,"District 17",240,2848,1749,695,521,344,780,426,1878,957,58,63,10,9,36,711,32,26,101,79,47,6,10,6,0,0,0,0,13,0,0,0,0,11645
2009,"District 9",502,3442,3479,2442,1256,568,1112,458,2611,1275,115,311,14,35,78,869,193,50,283,156,65,14,6,29,0,3,1,0,24,0,0,0,0,19391
2009,"District 2",692,3365,3069,1741,1061,743,1174,518,1664,1095,50,153,12,16,64,682,346,9,63,95,19,11,8,68,0,1,0,0,22,0,0,0,0,16741
2009,"District 19",478,6261,2003,876,599,519,868,1104,2061,1164,88,44,5,17,70,583,56,5,114,56,47,11,7,6,0,2,1,0,3,0,0,0,0,17048
2009,"District 1",1097,5976,1196,731,533,393,791,1132,723,196,38,30,2,11,21,232,86,2,126,28,18,12,4,7,0,1,1,0,3,0,0,0,0,13390
2009,"District 15",385,1898,3655,4803,1049,819,1166,335,1440,859,33,192,6,44,79,452,189,28,133,97,20,3,4,204,0,1,0,0,29,0,0,0,0,17923
2009,"District 11",326,2704,4876,5995,1433,1026,1164,728,2095,889,56,342,15,47,70,764,370,38,103,123,28,8,2,191,0,1,1,0,55,0,0,0,0,23450
2009,"District 22",405,2430,2281,1153,897,553,1031,511,1799,1281,37,206,29,16,48,509,34,16,91,124,25,12,14,20,0,3,0,0,19,0,0,0,0,13544
2009,"District 14",318,4315,2285,957,739,644,865,525,2221,1359,52,100,7,12,49,808,147,36,99,105,49,8,4,3,0,2,1,3,15,0,0,0,0,15728
2009,"District 31",0,0,0,12,1,0,1,0,0,0,0,0,0,0,0,0,0,0,0,0,0,0,0,0,0,0,0,0,0,0,0,0,0,14
2009,"District 21",0,0,0,0,0,0,0,0,0,0,0,0,0,0,0,0,0,0,0,0,0,0,0,0,0,0,0,0,0,0,0,0,0,0
2009,"District 13",0,0,0,0,0,0,0,0,0,0,0,0,0,0,0,0,0,0,0,0,0,0,0,0,0,0,0,0,0,0,0,0,0,0
2009,"District 23",0,0,0,0,0,0,0,0,0,0,0,0,0,0,0,0,0,0,0,0,0,0,0,0,0,0,0,0,0,0,0,0,0,0
2015,"District 8",311,3376,2949,1210,1087,639,1336,1005,2269,1161,65,193,24,76,102,849,60,35,198,191,11,5,12,16,7,7,0,0,31,4,0,0,0,17229
2015,"District 10",206,1624,2713,1506,790,542,771,420,1339,468,57,242,9,38,63,465,2,32,188,115,31,7,3,32,3,3,0,0,30,2,0,0,0,11701
2015,"District 12",268,3628,1969,584,729,387,646,767,1494,646,50,89,0,16,66,670,25,18,98,76,19,6,5,1,2,1,0,0,19,0,2,0,0,12281
2015,"District 18",406,5287,1249,297,378,281,344,1385,788,299,40,33,10,22,68,208,68,8,67,24,44,5,5,0,3,1,1,0,1,1,0,0,0,11323
2015,"District 7",303,1919,3552,2142,1132,589,1321,565,1584,755,54,377,12,146,74,530,175,32,162,133,7,4,6,77,0,1,2,0,39,5,1,0,0,15699
2015,"District 25",276,2735,2876,1366,999,547,1254,781,1632,732,68,163,13,122,79,775,126,32,137,176,16,10,13,8,1,4,0,2,33,2,0,0,0,14978
2015,"District 6",385,2843,3364,1235,1252,769,1082,840,1667,1024,37,311,16,91,71,546,50,32,156,120,8,4,10,17,0,4,0,0,41,1,0,0,0,15976
2015,"District 5",247,1769,2535,791,994,367,838,464,1425,675,25,284,15,73,48,376,59,25,102,118,5,9,9,7,0,3,1,0,30,3,1,0,0,11298
2015,"District 4",398,2485,3352,1228,1284,562,1279,712,1870,1056,46,261,20,119,79,496,31,33,174,206,15,5,17,11,1,4,2,0,30,2,0,0,0,15778
2015,"District 24",196,1663,1288,372,425,201,497,451,901,423,45,67,0,24,41,244,11,8,54,64,9,2,3,6,0,1,1,0,10,1,0,0,0,7008
2015,"District 16",402,2192,1406,528,528,159,843,767,1201,598,44,48,13,20,38,344,7,8,92,88,12,2,10,5,7,5,0,0,5,2,0,0,0,9374
2015,"District 3",277,2009,3019,732,1013,570,1138,571,1567,954,48,224,10,72,68,403,12,17,125,116,1,7,8,11,0,0,0,0,25,0,2,0,0,12999
2015,"District 20",135,1141,729,202,270,113,308,352,465,188,16,24,2,9,21,190,3,2,39,23,4,3,2,3,0,0,0,1,7,0,0,0,0,4252
2015,"District 17",120,2068,1312,302,430,213,432,432,1052,535,37,41,5,12,51,466,8,22,43,70,9,2,3,3,0,1,1,1,13,1,0,0,0,7685
2015,"District 9",237,2352,2476,1200,853,534,814,569,1549,683,43,201,7,64,50,586,97,39,105,124,19,10,9,10,2,2,1,0,32,2,1,0,0,12671
2015,"District 2",265,2439,2165,501,748,519,703,700,1234,475,50,117,6,21,52,483,11,11,59,82,6,2,5,3,3,3,1,0,23,0,0,0,0,10687
2015,"District 19",398,4177,1599,404,490,371,435,1064,1169,597,49,33,3,26,86,416,3,19,76,64,26,9,6,1,1,0,2,0,9,0,1,0,0,11534
2015,"District 1",596,5649,1313,219,530,319,472,1424,732,176,48,23,2,14,28,196,24,7,99,47,12,12,7,0,1,1,1,0,5,1,2,0,0,11960
2015,"District 15",253,1218,2591,2505,767,521,816,466,1036,301,25,200,5,99,72,442,6,29,131,97,2,6,7,35,2,1,1,1,32,2,1,0,0,11670
2015,"District 11",330,1853,3625,5639,1257,869,1074,548,1533,469,40,273,2,188,98,590,536,19,219,133,12,4,5,54,1,1,0,0,49,5,1,0,0,19427
2015,"District 22",210,1725,1538,579,678,268,703,697,1065,479,17,105,15,42,49,333,1,8,47,85,4,6,3,9,0,2,0,0,22,0,1,0,0,8691
2015,"District 14",182,3150,1286,294,406,299,431,492,1098,489,45,53,2,14,42,465,7,15,50,52,20,1,6,1,1,1,0,0,12,0,0,0,0,8914
2015,"District 31",0,1,0,0,0,0,0,0,0,0,0,0,0,0,0,0,0,0,0,0,0,0,0,0,0,0,0,0,0,0,0,0,0,1
2015,"District 21",0,0,0,0,0,0,0,0,0,0,0,0,0,0,0,0,0,0,0,0,0,0,0,0,0,0,0,0,0,0,0,0,0,0
2015,"District 13",0,0,0,0,0,0,0,0,0,0,0,0,0,0,0,0,0,0,0,0,0,0,0,0,0,0,0,0,0,0,0,0,0,0
2015,"District 23",0,0,0,0,0,0,0,0,0,0,0,0,0,0,0,0,0,0,0,0,0,0,0,0,0,0,0,0,0,0,0,0,0,0
2001,"District 8",550,6660,5090,1908,1809,1101,2170,1152,4501,2242,195,249,81,7,102,2547,433,86,137,132,69,18,14,53,0,3,0,1,25,0,0,0,0,31335
2001,"District 10",559,2815,4554,2573,1358,963,1122,269,2074,1025,120,246,32,16,79,1286,91,79,87,114,70,22,16,23,0,0,0,0,48,0,0,0,0,19641
2001,"District 12",987,5540,4393,2261,1629,814,1338,634,2831,1461,120,274,35,19,75,1488,392,49,230,90,130,17,11,25,0,1,0,2,31,0,0,0,0,24877
2001,"District 18",1171,8993,2996,1593,893,526,933,1199,1666,814,85,103,20,28,50,619,538,9,139,48,71,3,5,2,0,2,1,0,9,0,0,0,0,22516
2001,"District 7",432,3568,7625,2472,2287,1151,1234,398,3163,1465,110,310,38,26,137,1401,227,75,135,134,56,14,10,84,0,1,1,0,45,0,0,0,0,26599
2001,"District 25",473,5120,4865,2276,1895,1294,1736,726,3416,1922,116,235,70,14,94,2413,560,100,178,165,131,17,9,50,0,1,0,1,38,0,0,1,0,27916
2001,"District 6",585,5006,5191,1766,1720,1213,1661,1147,2900,1520,118,242,61,25,107,1569,176,47,116,161,35,12,15,36,0,0,0,0,48,0,0,0,0,25477
2001,"District 5",353,2607,5279,1824,1879,745,1273,352,2492,1129,80,186,47,27,106,1020,178,50,121,130,30,15,8,38,0,0,0,0,36,0,0,1,0,20006
2001,"District 4",447,4224,5589,1979,2090,879,1622,604,3611,1301,90,329,80,16,112,1374,222,56,144,168,72,19,5,32,0,1,0,0,45,0,0,0,1,25112
2001,"District 24",337,3270,2647,1160,893,669,1181,609,2126,781,82,88,39,17,58,758,94,24,54,80,86,6,9,31,0,0,0,0,11,0,0,0,0,15110
2001,"District 16",451,3912,2160,557,876,246,1747,792,2527,1012,97,115,44,10,30,1121,14,20,96,46,94,7,9,19,0,3,1,0,5,0,0,0,0,16011
2001,"District 3",702,4190,5829,2132,1866,1142,1516,508,2813,1169,102,178,54,24,116,1357,141,42,101,129,52,12,14,83,0,0,0,0,36,0,0,0,0,24308
2001,"District 20",331,2201,1710,904,638,327,750,420,1275,533,75,38,14,11,32,427,95,15,70,26,69,2,7,8,0,1,0,0,7,0,0,0,0,9986
2001,"District 17",254,3399,2269,812,705,509,1031,454,2139,935,107,118,43,14,54,1222,80,37,86,64,86,11,9,35,0,1,0,0,10,0,0,0,0,14484
2001,"District 9",591,4125,4646,2438,1483,820,1476,512,3174,1795,125,282,35,21,75,1462,454,88,153,115,81,19,8,51,0,1,2,0,48,0,0,0,0,24080
2001,"District 2",1991,5991,7833,5720,2315,1413,1871,703,3178,1150,110,316,37,31,161,1527,504,35,118,142,78,9,15,108,0,0,2,0,40,0,0,1,0,35399
2001,"District 19",820,6758,3134,1213,1086,765,1390,1361,2613,1517,114,88,34,31,57,991,366,31,129,45,148,12,7,26,0,1,0,2,15,0,0,1,0,22755
2001,"District 1",767,7539,1121,405,561,246,863,1424,727,288,46,46,2,13,27,477,20,0,193,10,32,19,7,9,0,0,1,0,11,0,0,0,0,14854
2001,"District 15",288,2019,4127,5941,1185,745,1282,229,1722,583,59,206,20,20,101,889,227,45,77,122,69,9,9,104,0,0,0,0,38,0,0,1,0,20117
2001,"District 11",515,3097,5938,7978,1667,1243,1150,344,2191,866,66,316,36,17,101,1182,424,47,128,137,49,8,5,71,0,0,0,0,72,0,0,2,0,27650
2001,"District 22",306,2766,2728,1443,1112,509,1298,479,1875,844,92,121,72,7,45,888,53,25,96,85,47,13,4,26,0,0,0,0,18,0,0,0,0,14952
2001,"District 14",330,5464,3724,1212,1437,1121,1012,575,2837,1659,120,188,39,12,75,1531,737,50,162,94,82,15,7,20,0,3,1,0,31,0,0,1,0,22539
2001,"District 31",0,0,0,0,0,0,0,0,0,0,0,0,0,0,0,0,0,0,0,0,0,0,0,0,0,0,0,0,0,0,0,0,0,0
2001,"District 21",0,0,0,0,0,0,0,0,0,0,0,0,0,0,0,0,0,0,0,0,0,0,0,0,0,0,0,0,0,0,0,0,0,0
2001,"District 13",0,0,0,0,0,0,0,0,0,0,0,0,0,0,0,0,0,0,0,0,0,0,0,0,0,0,0,0,0,0,0,0,0,0
2001,"District 23",0,0,0,0,0,0,0,0,0,0,0,0,0,0,0,0,0,0,0,0,0,0,0,0,0,0,0,0,0,0,0,0,0,0
2008,"District 8",624,5834,4966,2501,1824,1362,2056,1046,5073,2410,132,293,33,53,97,1524,280,52,261,239,64,14,13,46,0,1,1,1,36,0,0,0,0,30836
2008,"District 10",364,2560,3644,2542,1176,682,1356,340,1983,893,67,182,20,30,70,914,249,44,270,91,77,16,14,90,0,0,0,0,39,0,0,0,0,17713
2008,"District 12",532,6193,3073,1553,1139,647,892,629,2666,1094,61,113,5,23,62,947,416,41,192,66,64,18,10,43,0,0,0,0,19,0,0,0,0,20498
2008,"District 18",925,7569,2234,696,549,468,663,1334,1507,653,56,50,6,25,40,482,279,4,73,24,61,11,4,10,0,0,1,0,5,0,0,0,0,17729
2008,"District 7",635,3693,6464,3678,1996,1283,1295,439,3287,1872,82,402,22,34,103,1170,443,51,123,158,31,9,11,91,0,0,0,0,46,0,0,0,0,27418
2008,"District 25",454,4508,4379,2437,1440,976,1765,798,3179,1662,115,233,24,31,89,1445,607,58,208,186,83,17,9,45,0,1,0,0,30,0,0,0,0,24779
2008,"District 6",635,4060,5118,3468,1733,1500,1619,741,2893,1712,79,281,18,41,91,1412,72,34,163,186,22,18,17,78,0,1,1,0,40,0,0,0,0,26033
2008,"District 5",482,2771,4101,1988,1603,777,1101,423,2670,1435,51,272,15,29,98,901,93,45,103,167,13,6,9,50,0,0,0,0,29,0,0,0,0,19232
2008,"District 4",495,3968,4885,2475,1830,1128,1687,712,3402,2056,76,313,27,17,103,1075,114,39,152,246,52,13,22,34,0,0,0,1,44,0,0,0,0,24966
2008,"District 24",461,2828,2117,1284,752,498,917,536,1745,737,49,84,12,21,47,423,99,11,80,79,28,5,8,23,0,1,0,0,8,0,0,0,0,12853
2008,"District 16",356,3793,2059,706,651,238,1825,804,2765,774,55,49,19,7,32,559,10,18,95,95,48,13,5,6,0,1,0,1,3,0,0,0,0,14987
2008,"District 3",1063,3033,4633,2066,1402,1124,1524,545,2460,1748,50,240,15,43,98,937,71,25,168,182,19,15,8,99,0,1,0,0,41,0,0,0,0,21610
2008,"District 20",181,1822,1192,480,424,229,554,327,880,375,32,31,0,2,30,315,12,6,56,27,16,8,6,9,0,0,0,0,2,0,0,0,0,7016
2008,"District 17",261,3071,2026,641,652,324,812,510,2130,864,55,60,13,14,36,750,41,32,109,85,46,9,6,3,0,0,0,4,5,0,0,0,0,12559
2008,"District 9",522,3699,3891,2217,1274,736,1221,542,2932,1307,118,284,23,25,86,1072,401,50,257,149,52,14,4,40,0,3,0,0,27,0,0,0,0,20946
2008,"District 2",748,3435,3433,1995,1224,755,1185,506,1771,912,54,168,13,42,61,724,440,10,63,104,12,15,6,73,0,0,0,0,24,0,0,0,0,17773
2008,"District 19",495,6568,2331,894,700,536,1005,1159,2263,1416,82,42,14,15,65,617,44,7,108,41,68,13,6,8,0,4,1,0,6,0,0,0,0,18508
2008,"District 1",1638,6533,1387,1324,620,374,793,1340,824,198,50,48,3,18,27,397,84,2,101,36,20,13,3,12,0,0,0,0,4,0,0,0,0,15849
2008,"District 15",392,2050,3796,5395,1123,762,1154,346,1694,683,46,197,19,38,86,562,197,31,118,110,32,9,3,249,0,0,0,0,30,0,0,0,0,19122
2008,"District 11",349,3129,5310,5961,1542,1179,1207,703,2412,866,54,283,17,40,94,1086,947,35,108,112,20,12,14,151,0,0,0,0,46,0,0,0,0,25677
2008,"District 22",364,2762,2489,1020,975,562,1039,501,2013,1221,51,144,30,9,51,711,12,16,97,140,14,9,10,33,0,0,0,0,17,0,0,0,0,14290
2008,"District 14",333,4547,2391,1171,814,558,862,570,2288,1328,65,106,10,23,49,853,229,33,108,82,70,4,2,6,0,0,0,5,12,0,0,0,0,16519
2008,"District 31",1,0,0,14,0,0,0,0,0,0,0,0,1,0,0,0,0,0,0,0,0,0,0,0,0,0,0,0,0,0,0,0,0,16
2008,"District 21",0,0,0,0,0,0,0,0,0,0,0,0,0,0,0,0,0,0,0,0,0,0,0,0,0,0,0,0,0,0,0,0,0,0
2008,"District 13",0,0,0,0,0,0,0,0,0,0,0,0,0,0,0,0,0,0,0,0,0,0,0,0,0,0,0,0,0,0,0,0,0,0
2008,"District 23",0,0,0,0,0,0,0,0,0,0,0,0,0,0,0,0,0,0,0,0,0,0,0,0,0,0,0,0,0,0,0,0,0,0
2005,"District 8",655,5823,5304,2336,1828,1179,2077,1038,5202,2255,141,260,39,36,101,1868,425,66,303,221,47,21,16,66,0,2,0,0,36,0,0,0,0,31345
2005,"District 10",425,2811,4077,3560,1172,709,1095,265,2063,763,73,261,17,30,61,1001,313,35,198,150,74,12,12,52,0,0,0,0,35,0,0,0,0,19264
2005,"District 12",1140,5545,3674,2068,1245,683,1101,637,2725,1121,88,192,11,28,64,1174,421,25,142,91,64,12,5,17,0,2,0,0,14,0,0,0,0,22289
2005,"District 18",1627,6509,2311,1387,654,445,692,1246,1554,796,66,60,3,31,41,439,688,6,76,47,42,8,7,8,0,0,0,1,14,0,0,0,0,18758
2005,"District 7",525,3269,7008,4063,2071,978,1561,357,3195,1595,101,416,23,64,102,1342,219,55,132,195,37,12,5,102,0,0,0,0,37,0,0,0,0,27464
2005,"District 25",541,4615,4540,3228,1541,928,1767,629,3176,1751,122,296,38,82,92,1749,786,46,171,154,110,13,5,50,0,0,0,0,36,0,0,0,0,26466
2005,"District 6",877,4418,5335,2183,1762,1266,1725,812,2903,1526,93,203,16,27,122,1625,189,22,120,217,33,11,17,76,0,0,0,0,33,0,0,0,0,25611
2005,"District 5",448,2373,4710,2745,1546,760,1321,335,2815,1190,67,237,23,28,92,1003,220,32,66,226,23,16,13,42,0,1,0,0,32,0,0,1,0,20365
2005,"District 4",665,3824,5277,2419,1985,937,1895,609,3430,1476,94,323,28,24,107,1227,110,50,118,222,39,14,10,75,0,1,0,1,23,0,0,1,0,24984
2005,"District 24",405,3199,2345,1482,745,542,1122,475,1953,880,56,93,11,24,48,517,149,13,52,98,63,8,3,28,0,0,1,0,10,0,0,0,0,14322
2005,"District 16",578,3336,2001,693,710,213,1439,683,2446,873,80,64,24,14,28,734,35,33,109,74,36,10,5,13,0,0,0,1,1,0,0,0,0,14233
2005,"District 3",1381,3207,5169,3063,1666,1041,1586,493,2896,1542,80,193,21,18,109,1146,130,20,91,186,18,15,15,98,0,0,1,0,35,0,0,0,0,24220
2005,"District 20",363,2039,1342,707,472,257,663,372,1138,592,59,28,6,5,22,332,78,9,130,48,43,1,3,12,0,0,0,0,7,0,0,0,0,8728
2005,"District 17",380,2993,1981,851,658,345,926,436,1925,946,83,78,14,20,46,959,123,21,156,78,76,12,3,16,0,0,0,4,4,0,0,0,0,13134
2005,"District 9",534,3938,4480,2192,1413,778,1355,581,3234,1503,97,277,12,12,85,1265,494,60,216,176,53,12,8,65,0,0,0,0,25,0,0,0,0,22865
2005,"District 2",986,4033,4488,2477,1421,1036,1225,545,2290,1291,68,174,22,41,79,1116,310,27,67,143,15,16,6,58,0,0,0,0,24,0,0,0,0,21958
2005,"District 19",1007,5501,2441,1384,798,568,1167,1214,2233,1578,140,47,16,21,56,776,242,22,128,75,68,11,11,10,0,6,0,1,7,0,0,0,0,19528
2005,"District 1",2303,6452,1857,1695,719,356,838,1221,1051,324,62,54,3,16,30,473,60,3,89,33,23,6,9,14,0,0,0,0,5,0,0,0,0,17696
2005,"District 15",406,1922,4389,5251,1176,746,1053,226,1684,623,49,233,15,25,78,656,212,39,75,100,23,7,4,122,0,0,0,0,19,0,0,0,0,19133
2005,"District 11",674,3076,5794,9724,1544,1035,1136,410,2311,834,47,342,17,36,69,1176,576,37,73,108,29,15,13,124,0,3,2,0,34,0,0,0,0,29239
2005,"District 22",357,2656,2784,1477,943,569,1233,478,2151,846,64,146,19,18,61,916,34,22,107,135,37,11,9,25,0,1,0,1,10,0,0,0,0,15110
2005,"District 14",377,4146,2657,1249,997,676,1049,489,2172,1198,73,129,11,15,48,1003,310,47,111,97,52,15,13,5,0,3,0,0,12,0,0,0,0,16954
2005,"District 31",1,0,0,0,0,0,1,0,1,1,0,0,0,0,0,0,0,1,0,0,0,0,0,0,0,0,0,0,0,0,0,0,0,5
2005,"District 21",0,0,0,0,0,0,0,0,0,0,0,0,0,0,0,0,0,0,0,0,0,0,0,0,0,0,0,0,0,0,0,0,0,0
2005,"District 13",0,0,0,0,0,0,0,0,0,0,0,0,0,0,0,0,0,0,0,0,0,0,0,0,0,0,0,0,0,0,0,0,0,0
2005,"District 23",0,0,0,0,0,0,0,0,0,0,0,0,0,0,0,0,0,0,0,0,0,0,0,0,0,0,0,0,0,0,0,0,0,0
2006,"District 8",668,5854,5245,2878,1942,1273,2075,946,5529,2036,125,321,22,36,120,1922,447,83,354,210,68,10,10,56,0,4,0,0,25,0,0,0,0,32259
2006,"District 10",281,2676,3726,3426,1041,677,1235,304,1906,660,73,198,12,19,60,886,423,62,271,119,91,15,9,100,0,1,0,0,37,0,0,0,0,18308
2006,"District 12",668,5831,3455,2156,1238,656,897,621,2907,920,69,140,7,22,55,1304,623,37,157,90,94,11,7,52,0,0,0,0,23,0,0,0,0,22040
2006,"District 18",1464,6700,2403,1150,623,444,691,1320,1571,702,65,47,5,37,34,455,449,6,104,57,48,7,8,16,0,1,0,0,5,0,0,2,0,18414
2006,"District 7",485,3385,6808,3998,1962,1015,1473,375,3310,1674,86,350,25,58,141,1313,448,51,107,160,47,14,12,150,0,1,0,0,34,0,0,0,0,27482
2006,"District 25",524,4392,4363,2496,1431,833,1799,699,3340,1641,88,245,20,118,77,1469,660,70,212,173,79,13,7,63,0,1,0,1,27,0,0,1,0,24842
2006,"District 6",761,4083,5201,2687,1694,1314,1671,691,2978,1404,66,222,27,45,94,1575,65,38,127,198,52,15,13,88,0,1,1,0,34,0,0,1,0,25146
2006,"District 5",503,2445,4374,2768,1497,831,1213,350,2750,1081,68,287,17,29,87,1078,118,42,74,185,27,14,8,56,0,1,1,0,42,0,0,0,0,19946
2006,"District 4",672,4220,5158,2950,1756,950,1710,596,3765,1566,75,299,21,27,96,1418,96,33,125,242,55,14,22,77,0,0,0,0,37,0,0,1,0,25981
2006,"District 24",506,3344,2181,1414,740,488,999,497,2000,852,49,96,11,23,36,490,193,19,64,74,69,8,4,23,0,0,0,0,6,0,0,0,0,14186
2006,"District 16",456,3322,1951,658,692,202,1851,658,2639,746,54,43,16,21,25,632,38,20,78,93,47,10,11,20,0,1,0,1,4,0,0,0,0,14289
2006,"District 3",1153,3156,4966,2787,1477,1016,1525,495,3045,1475,75,204,20,41,92,1272,191,32,152,205,18,18,5,104,0,1,1,0,37,0,0,1,0,23564
2006,"District 20",330,2061,1242,697,411,250,630,339,1180,412,35,29,10,5,22,279,46,9,97,32,36,10,1,16,0,0,0,0,1,0,0,0,0,8180
2006,"District 17",316,2968,2069,722,661,380,882,415,2269,876,99,72,11,29,34,690,150,19,202,86,59,12,9,18,0,1,0,2,3,0,0,0,0,13054
2006,"District 9",605,3996,4218,2699,1361,746,1211,587,3444,1615,86,260,25,36,82,1184,670,43,276,155,45,15,6,93,0,1,0,0,35,0,0,0,0,23494
2006,"District 2",868,3582,4101,1863,1413,965,1180,558,2144,1340,81,158,11,28,82,1108,406,18,74,105,17,15,5,47,0,0,0,0,16,0,0,0,0,20185
2006,"District 19",691,5706,2421,1258,763,521,1120,1104,2496,1397,90,44,9,24,72,698,168,18,99,70,78,9,9,10,0,0,0,1,5,0,0,0,0,18881
2006,"District 1",2007,6522,1704,1617,638,413,765,1136,1078,251,42,42,8,37,19,422,38,8,85,37,27,19,10,14,0,0,0,0,9,0,0,0,0,16948
2006,"District 15",399,1875,4271,6457,1186,760,1029,304,1748,452,38,212,16,29,56,751,386,26,92,99,42,7,2,152,0,0,0,1,25,0,0,0,0,20415
2006,"District 11",453,3139,5378,8255,1470,1030,1042,543,2428,1073,77,307,15,49,71,1271,1153,38,108,126,42,10,12,168,0,0,0,0,38,0,0,1,0,28297
2006,"District 22",335,2627,2738,1547,945,594,1198,481,2176,884,50,120,15,17,50,719,20,17,95,144,20,10,6,31,0,3,1,0,18,0,0,0,0,14861
2006,"District 14",360,4353,2689,1329,1004,610,904,536,2420,1267,70,125,16,28,53,882,246,37,115,84,74,20,10,14,0,0,0,3,16,0,0,0,0,17265
2006,"District 31",0,1,2,1,0,0,0,0,1,0,0,0,0,0,0,0,0,0,0,0,0,0,0,0,0,0,0,0,0,0,0,0,0,5
2006,"District 21",0,0,0,0,0,0,0,0,0,0,0,0,0,0,0,0,0,0,0,0,0,0,0,0,0,0,0,0,0,0,0,0,0,0
2006,"District 13",0,0,0,0,0,0,0,0,0,0,0,0,0,0,0,0,0,0,0,0,0,0,0,0,0,0,0,0,0,0,0,0,0,0
2006,"District 23",0,0,0,0,0,0,0,0,0,0,0,0,0,0,0,0,0,0,0,0,0,0,0,0,0,0,0,0,0,0,0,0,0,0
2007,"District 8",611,5710,5192,2757,1843,1147,1894,1011,5113,2234,103,304,24,34,113,1543,624,62,308,270,71,22,12,60,0,1,0,0,29,0,0,0,0,31092
2007,"District 10",332,2765,3784,2993,1147,622,1498,273,1989,674,65,142,10,23,67,855,331,48,341,101,108,14,10,107,0,0,0,0,27,0,0,0,0,18326
2007,"District 12",634,5639,3320,1977,1245,585,943,639,2664,1032,81,137,15,29,50,1074,384,27,195,83,73,13,8,47,0,0,0,1,16,0,0,0,0,20911
2007,"District 18",1090,7088,2349,977,646,465,704,1290,1670,642,53,59,5,37,37,469,320,7,94,35,77,6,7,14,0,0,2,0,2,0,0,0,0,18145
2007,"District 7",561,3551,6767,3722,2081,1184,1333,478,3243,1962,88,324,16,41,146,1007,411,50,96,171,29,2,6,142,0,0,0,0,40,0,0,0,0,27451
2007,"District 25",555,4190,4529,2363,1464,834,1793,809,3197,1611,102,228,19,65,97,1477,610,82,324,199,77,15,10,34,0,1,0,0,22,0,0,1,0,24708
2007,"District 6",882,4107,5386,4122,1767,1311,1591,806,2940,1657,72,264,23,51,100,1228,56,23,139,242,43,17,21,110,0,1,0,0,38,0,0,0,0,26997
2007,"District 5",493,2565,4372,3231,1604,763,1255,359,2694,1412,50,294,25,31,87,907,216,36,89,179,22,13,19,65,0,0,0,0,35,0,0,0,0,20816
2007,"District 4",584,3913,5251,2650,1837,1079,1648,738,3541,1705,75,249,18,16,122,1219,100,53,188,252,84,27,20,54,0,0,0,1,29,0,0,0,0,25453
2007,"District 24",488,2974,2191,1293,627,390,877,488,1999,757,54,73,7,16,38,374,116,11,60,82,45,4,4,15,0,1,0,0,11,0,0,0,0,12995
2007,"District 16",405,3189,2029,666,730,244,1934,780,2422,646,63,51,18,12,31,610,34,28,104,79,41,15,6,9,0,1,0,0,5,0,0,0,0,14152
2007,"District 3",1119,2917,4953,2707,1549,1214,1525,594,2658,1593,68,219,23,71,113,1048,152,40,172,189,40,11,17,82,0,1,0,0,32,0,0,0,0,23107
2007,"District 20",275,1797,1201,675,408,190,584,286,1021,341,36,18,4,8,22,261,25,8,69,32,20,5,2,10,0,1,1,0,1,0,0,0,0,7301
2007,"District 17",308,2651,2001,740,603,337,863,404,1819,967,71,67,20,10,38,678,40,22,127,95,31,11,5,11,0,0,0,1,5,0,0,0,0,11925
2007,"District 9",549,3750,4072,2580,1321,598,1105,541,3177,1270,116,202,15,36,82,854,682,55,296,161,114,20,4,78,0,2,0,0,32,0,0,0,0,21712
2007,"District 2",891,3688,3824,2365,1317,895,1185,556,1854,1000,51,140,18,30,89,806,334,8,80,118,14,13,7,61,0,0,1,0,19,0,0,0,0,19364
2007,"District 19",723,5974,2399,1236,721,479,1031,1084,2377,1293,102,44,3,18,44,598,124,7,136,67,85,2,6,18,0,0,0,6,13,0,0,0,0,18590
2007,"District 1",1676,6350,1515,1021,698,408,825,1131,1059,274,55,42,5,19,21,327,22,4,96,36,34,10,6,8,0,0,0,1,4,0,0,0,0,15647
2007,"District 15",386,1902,4083,6411,1265,665,1171,330,1677,550,39,197,22,32,61,641,304,33,86,125,53,8,8,271,0,1,0,0,23,0,0,0,0,20344
2007,"District 11",385,3272,5335,7406,1482,1019,1080,518,2295,858,55,252,15,62,79,1002,890,46,98,136,21,11,18,177,0,0,0,1,42,0,0,0,0,26555
2007,"District 22",414,2838,2563,1394,1016,488,1131,493,2142,1111,41,169,19,22,47,741,11,31,101,128,11,6,11,31,0,0,0,0,17,0,0,0,0,14976
2007,"District 14",338,4326,2475,1162,943,533,893,506,2194,1269,81,79,6,14,46,854,301,31,116,82,77,10,6,5,0,1,1,1,6,0,0,0,0,16356
2007,"District 31",0,0,0,6,0,0,0,0,4,0,0,0,0,0,0,0,0,0,0,0,0,0,0,0,0,0,0,0,0,0,0,0,0,10
2007,"District 21",0,0,0,0,0,0,0,0,0,0,0,0,0,0,0,0,0,0,0,0,0,0,0,0,0,0,0,0,0,0,0,0,0,0
2007,"District 13",0,0,0,0,0,0,0,0,0,0,0,0,0,0,0,0,0,0,0,0,0,0,0,0,0,0,0,0,0,0,0,0,0,0
2007,"District 23",0,0,0,0,0,0,0,0,0,0,0,0,0,0,0,0,0,0,0,0,0,0,0,0,0,0,0,0,0,0,0,0,0,0
2002,"District 8",464,6577,5544,1954,2009,1225,2312,953,4771,2333,155,294,69,13,105,2451,298,80,118,187,75,9,12,34,0,2,0,0,37,0,0,0,0,32081
2002,"District 10",371,2744,4594,2668,1277,984,1168,235,2226,914,94,290,22,11,72,1096,201,57,115,113,109,18,13,33,0,1,0,1,40,0,0,0,0,19467
2002,"District 12",910,6263,4211,2039,1471,871,1453,642,2827,1172,100,235,10,16,68,1525,334,56,172,100,105,22,9,16,0,1,0,0,32,0,0,0,0,24660
2002,"District 18",1200,8781,2912,1507,898,583,1029,1414,1684,826,72,105,16,24,55,498,545,10,83,48,58,5,7,6,0,2,2,0,13,0,0,0,0,22383
2002,"District 7",414,3393,8082,3376,2494,1161,1586,407,3144,1287,94,355,31,25,162,1303,249,59,130,165,34,15,5,96,0,0,0,0,63,0,0,2,0,28132
2002,"District 25",475,5206,4781,2596,1764,1218,1845,665,3385,1969,123,262,58,15,102,2014,701,109,160,164,83,19,9,53,0,3,1,0,40,0,0,0,0,27820
2002,"District 6",651,4718,5375,1991,1821,1273,1858,724,2910,1309,114,208,65,17,127,1590,92,54,88,168,28,19,16,57,0,2,0,0,39,0,0,0,0,25314
2002,"District 5",412,2777,5622,1947,2030,761,1511,292,2611,1062,110,203,50,18,106,835,288,61,111,160,14,27,12,41,0,0,0,0,32,0,0,0,0,21093
2002,"District 4",662,4215,5695,1956,2183,1046,2001,481,3728,1239,99,298,89,15,108,1374,91,50,115,203,55,36,15,23,0,1,0,0,44,0,0,0,0,25822
2002,"District 24",365,3377,2597,1108,839,635,1287,552,1973,1002,83,73,27,10,60,663,107,29,52,91,50,6,5,50,0,3,0,1,10,0,0,0,0,15055
2002,"District 16",559,3961,2072,635,863,253,1717,740,2755,1049,85,113,41,17,37,821,34,28,113,48,78,7,9,15,0,3,0,1,7,0,0,0,0,16061
2002,"District 3",734,3521,5671,2273,1911,1121,1789,450,2741,1124,94,192,38,14,111,1118,121,45,96,199,21,15,9,91,0,0,2,1,37,0,0,0,0,23539
2002,"District 20",318,2196,1560,681,559,292,776,372,1099,453,59,39,23,6,23,352,73,11,107,31,97,5,2,11,0,1,0,0,6,0,0,0,0,9152
2002,"District 17",339,3430,2187,690,667,429,1265,449,1986,1179,116,114,21,14,57,1058,119,44,69,52,79,6,12,30,0,1,0,0,12,0,0,0,0,14425
2002,"District 9",508,4128,4912,2628,1629,863,1427,518,3256,1537,118,281,45,19,90,1505,471,68,145,160,116,22,7,48,0,2,1,0,40,0,0,0,0,24544
2002,"District 2",1866,5236,6779,4125,1983,1252,1873,630,2771,1393,99,222,26,24,128,1356,245,51,90,114,29,12,5,89,0,1,0,0,25,0,0,0,0,30424
2002,"District 19",1000,6997,2932,1306,1083,757,1539,1326,2435,1702,152,95,21,20,62,799,311,32,101,60,105,8,11,28,0,2,0,1,17,0,0,0,0,22902
2002,"District 1",1046,6998,1393,597,689,323,1091,1196,740,353,67,48,9,14,20,397,15,10,178,20,36,20,11,7,0,0,0,0,12,0,0,0,0,15290
2002,"District 15",271,2012,4492,5738,1246,718,1219,284,1724,578,65,215,31,18,79,800,543,47,72,93,71,12,7,71,0,0,1,0,45,0,0,0,0,20452
2002,"District 11",599,3052,6322,9236,1776,1329,1282,322,2318,832,86,332,37,18,127,1166,642,48,98,162,43,20,11,130,0,0,1,0,70,0,0,0,0,30059
2002,"District 22",385,3028,2887,1506,1056,516,1335,422,2065,823,74,135,72,14,50,947,6,19,93,125,45,24,9,28,0,1,0,0,15,0,0,0,0,15680
2002,"District 14",331,5717,3532,1232,1273,912,1236,636,2791,1487,108,172,28,19,80,1453,922,64,151,108,83,10,4,14,0,0,0,0,21,0,0,0,0,22384
2002,"District 31",0,0,0,0,0,0,0,0,0,0,0,0,0,0,0,0,0,0,0,0,0,0,0,0,0,0,0,0,0,0,0,0,0,0
2002,"District 21",0,0,0,0,0,0,0,0,0,0,0,0,0,0,0,0,0,0,0,0,0,0,0,0,0,0,0,0,0,0,0,0,0,0
2002,"District 13",0,0,0,0,0,0,0,0,0,0,0,0,0,0,0,0,0,0,0,0,0,0,0,0,0,0,0,0,0,0,0,0,0,0
2002,"District 23",0,0,0,0,0,0,0,0,0,0,0,0,0,0,0,0,0,0,0,0,0,0,0,0,0,0,0,0,0,0,0,0,0,0
2003,"District 8",665,6445,5384,2269,1873,1240,2209,1012,4782,2316,146,251,39,22,84,2070,281,102,140,194,53,20,13,60,0,1,0,0,27,0,0,0,0,31698
2003,"District 10",358,3145,4314,2870,1200,802,1114,246,2091,753,68,209,18,19,61,1087,225,44,122,149,105,15,3,18,0,2,0,0,50,0,0,0,0,19088
2003,"District 12",1014,6844,3889,2206,1399,732,1435,680,2808,1144,130,205,14,17,46,1450,474,56,126,107,128,15,15,28,0,2,0,0,31,0,0,0,0,24995
2003,"District 18",1073,8133,2608,1033,769,499,831,1270,1743,883,72,79,6,19,43,476,599,7,67,65,62,7,5,8,0,0,2,0,12,0,0,0,0,20371
2003,"District 7",417,3666,7308,3653,2335,1214,1545,412,3265,1399,98,361,27,37,135,1201,159,82,151,178,26,16,9,134,0,0,0,0,51,0,0,0,0,27879
2003,"District 25",601,5704,4683,2984,1627,1217,1700,632,3509,1852,146,287,43,23,95,1820,840,89,151,176,79,12,5,59,1,0,0,1,29,0,0,0,0,28365
2003,"District 6",724,4929,5112,2192,1801,1324,1852,728,2764,1405,93,229,65,22,94,1502,82,32,87,223,41,22,28,79,0,1,0,0,29,0,0,1,0,25461
2003,"District 5",337,2679,5274,2023,1781,659,1447,282,2457,1066,80,214,71,26,84,751,201,48,82,227,17,31,14,53,0,0,0,0,45,0,0,1,0,19950
2003,"District 4",621,4409,5337,2078,2202,994,2145,548,3536,1419,112,300,86,9,124,1406,142,75,139,278,42,31,16,50,0,0,0,0,44,0,0,0,0,26143
2003,"District 24",411,3095,2326,1112,680,598,1144,503,1964,893,64,92,20,18,48,510,139,18,71,108,61,9,5,38,0,0,0,1,8,0,0,0,0,13936
2003,"District 16",531,3890,1983,810,730,243,1635,711,2962,950,82,52,25,8,31,858,84,20,88,62,75,12,9,18,0,2,1,0,1,0,0,0,0,15873
2003,"District 3",910,3651,5396,2305,1863,971,1918,449,2753,1199,97,186,50,14,116,1046,93,47,80,231,18,26,23,91,0,1,1,0,33,0,0,0,0,23568
2003,"District 20",312,2054,1436,640,484,246,640,359,964,354,39,29,11,8,24,325,41,9,137,50,52,6,13,16,0,0,0,0,8,0,0,0,0,8257
2003,"District 17",299,3545,2072,777,694,429,1061,449,2067,937,81,76,32,14,43,951,143,27,82,70,68,7,11,25,0,2,0,0,12,0,0,0,0,13974
2003,"District 9",598,4337,4585,2841,1593,828,1439,594,3213,1732,142,277,27,13,81,1335,620,88,181,177,90,26,5,63,0,2,1,0,46,0,0,0,0,24934
2003,"District 2",1508,4846,5536,3381,1665,1157,1499,592,2490,1296,76,195,25,16,94,1121,372,31,64,131,27,25,11,64,0,0,0,0,19,0,0,0,0,26241
2003,"District 19",1047,6744,2678,1222,900,627,1396,1264,2244,1676,148,67,18,18,60,722,253,19,115,77,131,9,8,26,0,0,0,0,12,0,0,0,0,21481
2003,"District 1",1661,6814,1762,835,800,315,1225,1176,963,346,68,48,9,13,24,456,31,7,127,30,36,21,11,6,0,1,0,0,7,0,0,0,0,16792
2003,"District 15",331,2230,4549,6649,1209,795,1161,226,1745,556,65,307,14,15,79,705,292,34,85,113,39,9,5,86,0,0,0,0,31,0,0,0,0,21330
2003,"District 11",710,3357,6100,9561,1670,1096,1343,342,2201,767,84,409,22,33,89,1120,582,42,110,143,32,13,16,115,0,0,0,0,57,0,0,0,0,30014
2003,"District 22",346,2830,2839,1355,1034,510,1336,418,2051,792,72,165,52,19,59,657,30,28,97,148,38,18,14,28,0,1,1,0,21,0,0,0,0,14959
2003,"District 14",333,5526,3205,1491,1168,836,1072,550,2436,1421,105,173,31,25,74,1178,531,50,128,94,91,14,8,23,0,1,0,0,31,0,0,0,0,20595
2003,"District 31",0,1,1,1,0,0,0,0,3,0,0,0,0,0,0,1,0,0,0,0,0,0,0,0,0,0,0,0,0,0,0,0,0,7
2003,"District 21",0,1,0,0,0,0,0,0,0,0,0,0,0,0,0,0,0,0,0,0,0,0,0,0,0,0,0,0,0,0,0,0,0,1
2003,"District 13",0,0,0,0,0,0,0,0,0,0,0,0,0,0,0,0,0,0,0,0,0,0,0,0,0,0,0,0,0,0,0,0,0,0
2003,"District 23",0,0,0,0,0,0,0,0,0,0,0,0,0,0,0,0,0,0,0,0,0,0,0,0,0,0,0,0,0,0,0,0,0,0
2017,"District 8",79,653,582,69,186,166,273,206,488,296,8,37,4,9,9,264,3,6,15,33,3,2,2,0,1,3,1,0,7,3,0,0,0,3408
2017,"District 10",63,344,526,211,163,126,194,70,263,99,8,78,0,9,12,104,1,2,22,25,3,2,0,0,1,0,0,0,7,0,0,0,0,2333
2017,"District 12",60,872,366,37,148,113,136,184,322,174,9,15,0,3,18,168,4,2,10,12,6,1,2,1,0,0,0,0,6,1,0,0,0,2670
2017,"District 18",74,1186,322,36,92,63,71,353,168,66,6,7,2,6,20,77,0,2,11,2,8,2,5,1,0,0,1,0,2,0,0,0,0,2583
2017,"District 7",65,279,581,155,225,119,239,75,276,109,8,83,2,20,14,86,32,6,29,29,1,1,0,1,0,1,0,0,11,0,0,0,0,2447
2017,"District 25",57,536,474,101,194,158,232,172,333,249,10,44,0,10,20,281,0,10,18,19,2,2,0,0,0,0,0,0,4,0,0,0,0,2926
2017,"District 6",109,561,693,110,273,146,279,134,334,134,2,86,2,11,19,135,0,5,23,39,1,0,4,1,0,0,0,0,12,0,0,0,0,3113
2017,"District 5",54,336,439,75,202,98,252,81,256,129,4,43,2,29,11,86,27,7,10,22,1,2,2,1,1,1,0,0,8,0,0,0,0,2179
2017,"District 4",62,393,661,60,239,107,235,124,352,133,8,65,4,12,20,140,0,9,13,30,3,2,5,0,0,0,0,0,5,1,1,0,0,2684
2017,"District 24",59,345,240,21,112,45,94,99,196,99,7,9,0,5,12,66,1,0,9,13,0,2,2,0,0,1,0,0,2,0,0,0,0,1439
2017,"District 16",78,386,252,35,107,45,152,186,197,144,12,9,1,3,6,95,2,2,11,9,1,1,0,0,0,1,0,0,1,5,0,0,0,1741
2017,"District 3",60,367,536,49,201,159,197,105,299,143,3,51,0,6,17,107,1,2,12,29,0,1,4,0,0,0,0,0,6,0,0,0,0,2355
2017,"District 20",32,221,133,10,53,29,42,101,94,39,4,7,0,3,11,38,0,0,3,2,2,0,1,0,0,0,0,0,1,0,0,0,0,826
2017,"District 17",27,425,244,21,72,68,98,108,175,88,6,8,0,0,9,109,1,7,4,11,0,1,0,1,0,0,0,0,1,0,0,0,0,1484
2017,"District 9",61,421,392,94,161,121,189,106,330,144,13,42,0,20,6,107,2,10,8,24,2,3,1,0,0,1,0,0,10,0,0,0,0,2268
2017,"District 2",60,489,427,41,172,91,166,136,244,87,7,20,1,7,12,89,0,4,8,24,3,3,2,0,1,2,0,0,6,0,0,0,0,2102
2017,"District 19",76,763,297,19,109,71,118,247,185,137,8,8,0,2,20,86,1,1,9,6,2,0,4,0,0,0,0,0,1,1,0,0,0,2171
2017,"District 1",110,1269,279,20,129,72,100,393,140,42,7,4,0,1,13,49,4,0,16,5,7,0,1,0,1,0,0,0,0,0,0,0,0,2662
2017,"District 15",36,257,454,167,161,106,152,84,231,80,3,44,0,16,11,108,0,4,10,21,0,2,1,1,0,1,0,0,12,0,0,0,0,1962
2017,"District 11",97,384,648,651,220,195,240,105,307,99,5,111,5,30,13,159,93,9,31,24,3,2,1,5,1,0,0,0,17,0,0,0,0,3455
2017,"District 22",30,325,286,34,104,61,154,112,206,109,5,37,3,6,3,69,0,2,16,20,2,0,1,0,0,0,0,0,3,1,0,0,0,1589
2017,"District 14",55,746,260,27,95,113,74,143,237,151,9,7,1,0,9,117,0,5,5,10,2,0,0,0,0,0,0,0,1,0,0,0,0,2067
2017,"District 31",0,0,0,0,1,0,0,0,0,0,1,0,0,0,0,0,0,0,0,0,0,0,0,0,0,0,0,0,0,0,0,0,0,2
2017,"District 21",0,0,0,0,0,0,0,0,0,0,0,0,0,0,0,0,0,0,0,0,0,0,0,0,0,0,0,0,0,0,0,0,0,0
2017,"District 13",0,0,0,0,0,0,0,0,0,0,0,0,0,0,0,0,0,0,0,0,0,0,0,0,0,0,0,0,0,0,0,0,0,0
2017,"District 23",0,0,0,0,0,0,0,0,0,0,0,0,0,0,0,0,0,0,0,0,0,0,0,0,0,0,0,0,0,0,0,0,0,0
